pid,initTime,startTime,endTime
1,1.54812E+12,1.54812E+12,1.54812E+12
10,1.54872E+12,1.54873E+12,1.54873E+12
11,1.54883E+12,1.54883E+12,1.54883E+12
12,1.54883E+12,1.54883E+12,1.54883E+12
13,1.5489E+12,1.5489E+12,1.5489E+12
14,1.5489E+12,1.5489E+12,1.5489E+12
15,1.54993E+12,1.54994E+12,1.54994E+12
16,1.54993E+12,1.54994E+12,1.54994E+12
17,1.55203E+12,1.55203E+12,1.55203E+12
18,1.55203E+12,1.55203E+12,1.55203E+12
19,1.55212E+12,1.55212E+12,1.55212E+12
2,1.54812E+12,1.54812E+12,1.54812E+12
20,1.55212E+12,1.55212E+12,1.55212E+12
21,1.55238E+12,1.55238E+12,1.55238E+12
22,1.55238E+12,1.55238E+12,1.55238E+12
23,1.55262E+12,1.55262E+12,1.55263E+12
24,1.55262E+12,1.55262E+12,1.55263E+12
25,1.55263E+12,1.55263E+12,1.55263E+12
26,1.55263E+12,1.55263E+12,1.55263E+12
27,1.55289E+12,1.5529E+12,1.5529E+12
28,1.55289E+12,1.5529E+12,1.5529E+12
29,1.55383E+12,1.55384E+12,1.55384E+12
3,1.54814E+12,1.54814E+12,1.54814E+12
30,1.55384E+12,1.55384E+12,1.55384E+12
31,1.55384E+12,1.55384E+12,1.55384E+12
32,1.55384E+12,1.55384E+12,1.55384E+12
4,1.54814E+12,1.54814E+12,1.54814E+12
5,1.54821E+12,1.54821E+12,1.54821E+12
6,1.54821E+12,1.54821E+12,1.54821E+12
7,1.54822E+12,1.54822E+12,1.54823E+12
8,1.54822E+12,1.54822E+12,1.54823E+12
9,1.54872E+12,1.54873E+12,1.54873E+12